sex,age,address,motheredu,fatheredu,traveltime,studytime,failures,tutor,activities,higher,internet,romantic,family,freetime,goout,alcohol,health,absences,grade
F,18,Rural,University,University,15-30 min,2-5 hours,0,no,no,yes,no,no,4,3,4,1,3,6,29
F,17,Rural,Elementary,Elementary,<15 min,2-5 hours,0,no,no,yes,yes,no,5,3,3,1,3,4,30
F,15,Rural,Elementary,Elementary,<15 min,2-5 hours,3,yes,no,yes,yes,no,4,3,2,2,3,10,46
F,15,Rural,University,Middle,<15 min,5-10 hours,0,yes,yes,yes,yes,yes,3,2,2,1,5,2,72
F,16,Rural,High,High,<15 min,2-5 hours,0,yes,no,yes,no,no,4,3,2,1,5,4,49
M,16,Rural,University,High,<15 min,2-5 hours,0,yes,yes,yes,yes,no,5,4,2,1,5,10,71
M,16,Rural,Middle,Middle,<15 min,2-5 hours,0,no,no,yes,yes,no,4,4,4,1,3,0,51
F,17,Rural,University,University,15-30 min,2-5 hours,0,no,no,yes,no,no,4,1,4,1,1,6,27
M,15,Rural,High,Middle,<15 min,2-5 hours,0,yes,no,yes,yes,no,4,2,2,1,1,0,95
M,15,Rural,High,University,<15 min,2-5 hours,0,yes,yes,yes,yes,no,5,5,1,1,5,0,75
F,15,Rural,University,University,<15 min,2-5 hours,0,yes,no,yes,yes,no,3,3,3,1,2,0,42
F,15,Rural,Middle,Elementary,30 min-1 hour,5-10 hours,0,no,yes,yes,yes,no,5,2,2,1,4,4,58
M,15,Rural,University,University,<15 min,<2 hours,0,yes,yes,yes,yes,no,4,3,3,1,5,2,70
M,15,Rural,University,High,15-30 min,2-5 hours,0,yes,no,yes,yes,no,5,4,3,1,3,2,53
M,15,Rural,Middle,Middle,<15 min,5-10 hours,0,no,no,yes,yes,yes,4,5,2,1,3,0,80
F,16,Rural,University,University,<15 min,<2 hours,0,no,no,yes,yes,no,4,4,4,1,2,4,69
F,16,Rural,University,University,<15 min,5-10 hours,0,yes,yes,yes,yes,no,3,2,3,1,2,6,70
F,16,Rural,High,High,30 min-1 hour,2-5 hours,0,no,yes,yes,no,no,5,3,2,1,4,4,48
M,17,Rural,High,Middle,<15 min,<2 hours,3,no,yes,yes,yes,no,5,5,5,2,5,16,25
M,16,Rural,University,High,<15 min,<2 hours,0,yes,yes,yes,yes,no,3,1,3,1,5,4,48
M,15,Rural,University,High,<15 min,2-5 hours,0,no,no,yes,yes,no,4,4,1,1,1,0,75
M,15,Rural,University,University,<15 min,<2 hours,0,yes,no,yes,yes,no,5,4,2,1,5,0,72
M,16,Rural,University,Middle,<15 min,2-5 hours,0,no,yes,yes,yes,no,4,5,1,1,5,2,77
M,16,Rural,Middle,Middle,15-30 min,2-5 hours,0,no,yes,yes,yes,no,5,4,4,2,5,0,56
F,15,Urban,Middle,University,<15 min,5-10 hours,0,yes,yes,yes,yes,no,4,3,2,1,5,2,37
F,16,Rural,Middle,Middle,<15 min,<2 hours,2,yes,no,yes,yes,no,1,2,2,1,5,14,37
M,15,Rural,Middle,Middle,<15 min,<2 hours,0,yes,no,yes,yes,no,4,2,2,1,5,2,52
M,15,Rural,University,Middle,<15 min,<2 hours,0,yes,no,yes,yes,no,2,2,4,2,1,4,72
M,16,Rural,High,University,<15 min,2-5 hours,0,no,yes,yes,yes,no,5,3,3,1,5,4,51
M,16,Rural,University,University,<15 min,2-5 hours,0,yes,yes,yes,yes,yes,4,4,5,5,5,16,55
M,15,Rural,University,University,<15 min,2-5 hours,0,yes,no,yes,yes,no,5,4,2,3,5,0,57
M,15,Rural,University,University,15-30 min,2-5 hours,0,no,yes,yes,yes,no,4,3,1,1,5,0,81
M,15,Urban,University,High,<15 min,2-5 hours,0,no,yes,yes,yes,yes,4,5,2,1,5,0,76
M,15,Rural,High,High,<15 min,2-5 hours,0,no,yes,yes,yes,no,5,3,2,1,2,0,59
M,16,Rural,High,Middle,<15 min,<2 hours,0,yes,no,yes,yes,no,5,4,3,1,5,0,73
F,15,Rural,Middle,High,15-30 min,<2 hours,0,no,yes,yes,no,no,3,5,1,1,5,0,27
M,15,Rural,University,High,<15 min,5-10 hours,0,no,yes,yes,yes,no,5,4,3,1,4,2,86
M,16,Urban,,,15-30 min,5-10 hours,0,no,yes,yes,yes,yes,2,4,3,1,5,7,74
F,15,Urban,High,University,<15 min,5-10 hours,0,yes,yes,yes,yes,no,4,3,2,1,5,2,52
F,15,Urban,Middle,Middle,<15 min,<2 hours,0,yes,yes,yes,no,no,4,3,1,1,2,8,62
F,16,Rural,Middle,Middle,15-30 min,2-5 hours,1,no,yes,yes,yes,yes,3,3,3,1,3,25,54
M,15,Rural,University,University,<15 min,<2 hours,0,no,no,yes,yes,yes,5,4,3,2,5,8,60
M,15,Rural,University,University,<15 min,2-5 hours,0,no,yes,yes,yes,no,4,3,3,1,5,2,86
M,15,Rural,Middle,Middle,<15 min,<2 hours,0,no,no,yes,yes,no,5,4,1,1,1,0,52
F,16,Rural,Middle,Middle,15-30 min,2-5 hours,1,no,yes,yes,yes,no,4,3,3,2,5,14,44
F,15,Rural,University,High,<15 min,2-5 hours,0,yes,yes,yes,yes,yes,5,2,2,1,5,8,30
F,16,Rural,High,High,<15 min,2-5 hours,0,no,no,yes,yes,no,2,3,5,1,3,12,53
M,16,Rural,University,High,<15 min,>10 hours,0,no,yes,yes,yes,no,4,2,2,1,2,4,100
M,15,Rural,University,Middle,<15 min,2-5 hours,0,yes,no,yes,no,no,4,3,3,2,5,2,66
F,15,Rural,University,University,<15 min,2-5 hours,1,no,yes,yes,yes,no,4,4,4,1,3,2,34
F,16,Rural,Middle,Middle,30 min-1 hour,2-5 hours,0,yes,no,yes,yes,no,4,3,3,2,4,2,62
F,15,Rural,University,Middle,<15 min,2-5 hours,0,yes,no,yes,yes,no,4,3,3,1,5,2,63
M,15,Rural,University,Middle,15-30 min,<2 hours,1,no,no,yes,no,no,5,5,5,3,5,6,46
F,15,Rural,University,University,<15 min,<2 hours,0,yes,no,yes,yes,no,3,3,4,2,5,0,55
F,15,Rural,High,High,<15 min,<2 hours,0,yes,no,yes,yes,no,5,3,4,4,1,6,62
F,16,Rural,Middle,Elementary,<15 min,2-5 hours,0,yes,yes,yes,yes,yes,5,3,4,1,2,8,48
F,15,Rural,University,High,<15 min,2-5 hours,0,yes,yes,yes,yes,no,4,3,2,1,1,0,73
M,15,Rural,University,University,<15 min,2-5 hours,0,no,yes,yes,no,no,3,2,2,1,5,4,72
M,15,Rural,Elementary,Middle,<15 min,2-5 hours,0,no,yes,yes,yes,no,4,3,2,1,5,2,41
F,16,Rural,University,Middle,<15 min,2-5 hours,0,no,no,yes,yes,no,4,2,3,1,5,2,77
F,16,Urban,University,University,<15 min,2-5 hours,0,no,yes,yes,no,no,2,4,4,2,4,6,54
F,16,Rural,Elementary,Elementary,>1 hour,<2 hours,0,no,yes,yes,yes,yes,5,5,5,5,5,6,55
F,16,Rural,Elementary,Middle,<15 min,2-5 hours,0,no,yes,yes,yes,no,4,4,3,1,1,4,44
F,16,Rural,University,High,<15 min,5-10 hours,0,yes,yes,yes,yes,no,3,4,4,2,4,2,42
F,15,Rural,University,High,<15 min,2-5 hours,0,no,yes,yes,yes,yes,4,4,4,2,2,0,49
F,16,Rural,University,High,30 min-1 hour,2-5 hours,0,no,yes,yes,yes,no,5,4,3,1,1,2,71
M,15,Rural,University,University,<15 min,>10 hours,0,no,yes,yes,yes,yes,1,3,3,5,3,4,56
F,16,Rural,High,Elementary,<15 min,>10 hours,0,yes,no,yes,yes,no,4,3,3,1,5,4,28
F,15,Urban,Middle,Middle,15-30 min,2-5 hours,0,yes,no,yes,yes,no,4,1,3,1,4,2,38
F,15,Urban,High,Elementary,15-30 min,>10 hours,0,no,no,yes,yes,no,4,4,2,2,3,12,77
M,16,Rural,High,Elementary,15-30 min,>10 hours,0,yes,no,yes,yes,no,4,3,2,1,5,0,74
M,15,Rural,,,<15 min,>10 hours,0,no,no,yes,yes,no,3,3,3,1,3,0,50
F,15,Urban,,,<15 min,2-5 hours,2,no,no,yes,yes,yes,3,3,4,2,5,2,23
M,16,Rural,High,Elementary,<15 min,<2 hours,0,no,yes,yes,no,no,5,3,2,2,5,2,66
F,16,Rural,High,High,<15 min,2-5 hours,0,yes,yes,yes,yes,no,4,3,3,2,5,54,51
M,15,Rural,University,High,<15 min,2-5 hours,0,yes,yes,yes,yes,no,4,3,3,2,5,6,47
M,15,Rural,University,,15-30 min,>10 hours,0,no,yes,yes,yes,no,3,4,3,1,1,8,47
F,16,Rural,Middle,Middle,<15 min,>10 hours,0,yes,no,yes,yes,yes,5,2,3,1,3,0,54
M,17,Rural,Middle,Elementary,15-30 min,<2 hours,3,no,yes,no,yes,no,4,5,1,1,3,2,46
F,16,Rural,High,University,<15 min,2-5 hours,0,no,no,yes,yes,no,2,4,3,1,3,12,21
M,15,Rural,Middle,High,<15 min,<2 hours,0,yes,yes,yes,yes,yes,3,2,2,1,3,2,60
M,15,Rural,Middle,High,<15 min,5-10 hours,0,yes,no,yes,yes,no,5,3,2,1,5,4,53
F,15,Rural,High,Middle,<15 min,2-5 hours,0,yes,no,yes,yes,no,4,4,4,1,5,10,30
M,15,Rural,Middle,Middle,15-30 min,2-5 hours,0,yes,yes,yes,yes,no,5,3,3,1,4,4,74
F,15,Rural,Elementary,Elementary,<15 min,2-5 hours,0,no,yes,yes,yes,no,4,3,2,2,4,2,49
F,15,Rural,University,University,15-30 min,2-5 hours,2,yes,no,yes,yes,yes,4,4,4,2,5,6,36
F,16,Rural,Middle,Middle,<15 min,2-5 hours,0,no,no,yes,no,no,4,3,4,1,2,4,29
F,15,Rural,University,Middle,<15 min,5-10 hours,0,no,yes,yes,yes,no,5,3,3,1,1,4,70
M,16,Rural,Middle,Middle,15-30 min,2-5 hours,1,yes,yes,yes,yes,no,4,4,2,1,3,12,49
M,16,Rural,University,University,<15 min,2-5 hours,0,no,no,yes,no,no,4,1,3,3,5,18,35
F,16,Rural,High,High,<15 min,5-10 hours,0,yes,no,yes,yes,yes,4,3,3,1,4,0,40
F,15,Rural,University,High,<15 min,<2 hours,0,yes,yes,yes,yes,no,4,5,5,1,1,4,90
F,16,Rural,High,Elementary,<15 min,2-5 hours,0,no,no,yes,no,no,3,3,3,2,2,4,27
F,16,Rural,University,Middle,15-30 min,2-5 hours,0,yes,yes,yes,yes,no,5,3,3,1,1,0,46
M,15,Rural,Middle,Middle,<15 min,>10 hours,0,no,yes,yes,yes,no,4,3,4,1,4,6,70
F,15,Urban,Elementary,Elementary,15-30 min,>10 hours,1,yes,yes,yes,yes,no,3,1,2,1,1,2,48
M,16,Urban,University,High,15-30 min,<2 hours,0,no,yes,yes,yes,no,3,3,3,1,4,2,71
F,16,Rural,Middle,Elementary,<15 min,2-5 hours,0,yes,no,yes,no,yes,4,3,5,1,5,2,48
F,16,Rural,University,University,<15 min,<2 hours,0,no,yes,yes,yes,no,5,3,4,1,1,6,70
F,16,Rural,University,High,<15 min,5-10 hours,0,yes,no,yes,yes,no,5,3,5,1,3,0,37
M,16,Rural,University,University,<15 min,<2 hours,0,yes,yes,yes,yes,no,4,5,5,5,4,14,22
M,16,Rural,University,University,<15 min,5-10 hours,0,no,yes,yes,yes,yes,4,4,3,1,4,0,81
M,15,Rural,University,University,<15 min,<2 hours,0,no,yes,yes,yes,no,5,3,3,1,5,4,68
F,15,Rural,High,Middle,15-30 min,2-5 hours,0,yes,no,yes,yes,no,4,3,5,1,2,26,30
M,15,Rural,High,University,<15 min,2-5 hours,0,yes,yes,yes,yes,no,5,4,4,1,1,0,90
F,15,Rural,High,High,<15 min,>10 hours,0,no,no,yes,no,no,4,3,3,1,4,10,51
F,15,Rural,Middle,Middle,<15 min,>10 hours,0,yes,no,yes,yes,no,5,1,2,1,3,8,40
M,16,Rural,High,High,<15 min,5-10 hours,0,no,yes,yes,yes,no,5,3,3,1,5,2,87
M,15,Urban,University,University,>1 hour,>10 hours,0,yes,yes,yes,yes,yes,1,3,5,3,1,6,65
F,16,Rural,University,University,<15 min,5-10 hours,0,yes,yes,yes,yes,yes,5,4,5,1,4,4,77
M,15,Rural,University,University,<15 min,<2 hours,0,no,yes,yes,yes,no,5,5,3,1,4,6,91
F,16,Urban,High,High,<15 min,5-10 hours,1,no,yes,yes,yes,no,4,1,2,1,2,0,48
F,16,Rural,Middle,Middle,<15 min,2-5 hours,1,no,yes,yes,yes,no,3,1,2,1,5,6,64
M,15,Rural,University,Middle,<15 min,<2 hours,0,no,no,yes,yes,no,3,5,2,1,3,10,92
M,15,Urban,Middle,Elementary,<15 min,2-5 hours,0,no,yes,yes,yes,yes,5,4,2,1,5,8,43
M,16,Rural,University,University,<15 min,2-5 hours,0,no,yes,yes,yes,no,5,4,4,1,5,2,80
M,15,Rural,University,University,15-30 min,2-5 hours,0,no,yes,yes,no,no,4,4,3,1,2,2,70
M,16,Rural,High,High,15-30 min,<2 hours,0,no,yes,yes,yes,no,5,4,2,1,5,0,63
M,17,Urban,Elementary,High,30 min-1 hour,2-5 hours,1,no,yes,yes,yes,no,5,2,4,1,5,20,38
M,15,Rural,High,University,<15 min,<2 hours,0,no,no,yes,yes,no,3,4,3,1,4,6,61
F,15,Rural,Elementary,Middle,<15 min,2-5 hours,0,no,no,yes,yes,no,3,2,3,1,1,2,72
M,15,Rural,Middle,Middle,<15 min,>10 hours,0,yes,yes,yes,yes,no,5,5,4,1,5,6,73
F,16,Rural,Middle,University,15-30 min,2-5 hours,0,yes,yes,yes,yes,yes,4,2,2,1,5,2,63
M,16,Rural,University,University,<15 min,<2 hours,0,no,yes,yes,yes,no,3,4,4,1,5,18,61
F,16,Rural,Middle,Middle,<15 min,2-5 hours,0,yes,no,yes,yes,yes,5,4,4,1,5,0,37
M,15,Rural,High,University,<15 min,<2 hours,0,no,no,yes,yes,no,5,5,5,3,5,0,58
F,15,Rural,High,University,<15 min,2-5 hours,0,no,yes,yes,yes,yes,5,3,2,1,1,0,55
F,19,Rural,,Elementary,<15 min,2-5 hours,3,no,no,no,no,no,3,4,2,1,5,2,41
M,18,Urban,Middle,Middle,<15 min,<2 hours,2,no,yes,yes,yes,no,3,3,3,1,4,0,0
M,16,Urban,,,<15 min,<2 hours,0,yes,yes,yes,yes,no,3,5,5,2,4,8,88
F,15,Urban,High,University,15-30 min,5-10 hours,2,no,no,yes,yes,yes,4,2,2,2,5,0,0
F,15,Rural,Elementary,Elementary,30 min-1 hour,<2 hours,0,no,yes,yes,yes,yes,4,3,3,1,4,0,0
F,17,Rural,Middle,Middle,<15 min,<2 hours,0,no,no,yes,yes,yes,3,4,4,1,5,12,58
F,16,Rural,,,<15 min,<2 hours,0,no,no,yes,yes,no,3,2,1,1,5,16,51
M,15,Urban,High,University,>1 hour,2-5 hours,0,no,no,yes,no,yes,5,3,3,1,5,0,0
F,15,Rural,University,University,<15 min,5-10 hours,0,no,yes,yes,yes,yes,4,3,3,1,5,0,0
M,17,Urban,High,University,30 min-1 hour,2-5 hours,0,no,no,yes,no,no,5,4,5,2,5,0,0
F,16,Rural,High,High,15-30 min,<2 hours,2,no,yes,yes,yes,yes,4,3,2,1,5,0,0
M,16,Rural,Elementary,Elementary,<15 min,2-5 hours,1,no,no,yes,no,yes,4,4,4,1,5,0,59
F,15,Rural,University,University,15-30 min,<2 hours,0,no,yes,yes,yes,no,4,3,2,1,5,0,72
M,15,Rural,University,High,15-30 min,>10 hours,0,no,no,yes,yes,no,2,2,2,1,3,0,0
M,16,Rural,Middle,Middle,15-30 min,<2 hours,2,no,yes,yes,yes,no,2,3,3,2,2,8,45
F,15,Rural,University,University,<15 min,5-10 hours,0,yes,yes,yes,yes,no,4,2,2,1,5,2,55
F,16,Rural,Elementary,Elementary,<15 min,<2 hours,0,no,no,yes,yes,no,3,4,4,3,1,2,64
M,17,Rural,,,<15 min,<2 hours,3,no,no,yes,yes,no,5,4,5,1,5,0,0
F,15,Rural,Elementary,Elementary,<15 min,2-5 hours,0,yes,no,yes,yes,no,4,4,2,1,5,0,54
F,15,Rural,High,Middle,<15 min,2-5 hours,3,no,no,yes,yes,no,3,3,2,1,3,0,0
F,15,Rural,Elementary,Middle,<15 min,2-5 hours,0,yes,no,yes,yes,no,4,3,2,1,5,2,54
M,16,Rural,University,University,<15 min,<2 hours,0,no,no,no,yes,yes,3,3,2,2,5,0,0
M,15,Rural,Middle,Elementary,>1 hour,<2 hours,3,no,no,yes,yes,no,4,5,5,2,5,0,48
M,18,Rural,Elementary,Elementary,<15 min,<2 hours,3,no,no,no,yes,yes,2,3,5,2,4,0,0
M,16,Rural,Middle,Elementary,<15 min,<2 hours,1,no,yes,yes,no,yes,4,4,4,3,5,6,66
F,15,Urban,High,High,15-30 min,5-10 hours,2,yes,yes,yes,yes,yes,4,2,1,2,3,8,46
M,19,Rural,High,Middle,<15 min,<2 hours,3,no,no,no,yes,yes,4,5,4,1,4,0,0
F,17,Rural,University,University,<15 min,<2 hours,0,no,no,yes,no,yes,4,2,1,1,4,0,57
M,15,Urban,Middle,High,<15 min,2-5 hours,0,yes,yes,yes,no,no,4,4,4,1,1,2,37
M,17,Urban,,,<15 min,<2 hours,0,no,no,yes,no,no,2,2,2,3,5,8,61
F,18,Urban,Elementary,Elementary,30 min-1 hour,<2 hours,3,no,yes,yes,no,no,5,2,5,1,4,6,46
M,16,Urban,Middle,Middle,30 min-1 hour,<2 hours,0,no,no,yes,no,no,4,2,2,1,3,2,75
M,16,Rural,High,High,<15 min,2-5 hours,1,yes,no,yes,yes,yes,4,5,5,4,5,4,58
M,17,Urban,Middle,Elementary,15-30 min,<2 hours,2,no,yes,no,yes,yes,3,3,2,2,5,0,0
M,15,Urban,High,Middle,15-30 min,2-5 hours,2,no,no,yes,yes,yes,4,4,4,1,3,6,35
M,16,Rural,Elementary,Middle,15-30 min,<2 hours,1,no,yes,yes,no,no,4,4,4,2,5,0,0
M,17,Rural,Elementary,High,<15 min,<2 hours,0,no,no,no,yes,no,5,3,3,1,2,2,46
M,17,Urban,Elementary,Elementary,>1 hour,2-5 hours,3,no,yes,no,no,yes,5,3,5,1,5,0,34
M,16,Rural,High,Middle,15-30 min,<2 hours,1,no,yes,no,no,no,4,5,2,1,2,16,59
M,16,Rural,Middle,Middle,<15 min,2-5 hours,0,no,no,no,yes,no,4,3,5,2,4,4,47
F,16,Rural,University,Middle,<15 min,2-5 hours,0,yes,no,yes,yes,yes,4,2,3,1,3,0,78
F,16,Rural,Middle,Middle,<15 min,2-5 hours,0,yes,no,yes,yes,no,5,1,5,1,4,0,0
F,16,Rural,University,University,<15 min,2-5 hours,0,yes,no,yes,yes,yes,4,4,2,1,3,0,69
M,16,Rural,High,University,30 min-1 hour,<2 hours,2,no,yes,yes,yes,no,3,4,5,2,2,0,0
M,16,Rural,Elementary,,15-30 min,2-5 hours,0,yes,yes,yes,yes,yes,4,3,2,1,3,2,76
M,17,Rural,University,University,<15 min,2-5 hours,0,yes,yes,yes,yes,no,4,4,4,1,5,0,50
F,16,Rural,Elementary,High,<15 min,2-5 hours,3,no,yes,yes,yes,yes,4,3,5,1,3,0,0
F,16,Rural,High,High,15-30 min,2-5 hours,0,yes,yes,yes,yes,no,4,4,5,1,4,4,45
M,17,Rural,University,High,15-30 min,2-5 hours,0,yes,yes,yes,yes,no,4,4,4,4,4,4,43
M,17,Rural,Middle,Elementary,15-30 min,<2 hours,3,no,yes,no,yes,no,4,5,1,1,3,2,46
F,16,Rural,Middle,Middle,15-30 min,2-5 hours,0,yes,yes,yes,yes,no,3,4,4,1,5,2,51
M,17,Rural,High,High,<15 min,2-5 hours,0,no,yes,yes,yes,no,4,3,4,1,4,4,29
M,16,Urban,,,<15 min,<2 hours,0,no,yes,yes,yes,yes,4,3,3,3,3,10,41
M,17,Rural,University,High,<15 min,2-5 hours,0,no,yes,yes,yes,yes,5,2,3,1,2,4,51
M,16,Rural,University,High,<15 min,2-5 hours,0,yes,yes,yes,yes,no,3,4,3,2,3,10,40
M,16,Rural,High,High,<15 min,2-5 hours,0,yes,yes,yes,yes,yes,4,2,3,1,3,2,58
F,17,Rural,Middle,University,<15 min,2-5 hours,0,no,yes,yes,no,no,5,4,2,2,5,0,82
F,17,Rural,High,High,<15 min,2-5 hours,0,no,yes,yes,yes,yes,5,3,3,2,1,56,36
F,16,Rural,High,Middle,<15 min,2-5 hours,0,yes,no,yes,yes,no,1,2,2,1,1,14,60
M,17,Rural,High,High,<15 min,2-5 hours,0,no,yes,yes,yes,yes,4,3,4,2,4,12,54
M,16,Rural,Elementary,Middle,<15 min,<2 hours,0,yes,yes,yes,yes,yes,3,3,3,1,3,2,51
M,16,Rural,Middle,Elementary,<15 min,2-5 hours,0,yes,yes,yes,yes,yes,4,2,3,1,5,0,72
F,17,Rural,High,High,<15 min,2-5 hours,0,no,no,yes,yes,yes,3,3,3,1,3,6,43
M,17,Urban,Elementary,Middle,<15 min,2-5 hours,0,no,no,yes,no,no,3,1,3,1,3,4,50
F,16,Rural,Middle,High,<15 min,2-5 hours,0,no,no,yes,yes,no,4,3,3,1,2,10,65
F,17,Rural,Elementary,Elementary,<15 min,2-5 hours,0,no,yes,yes,yes,no,5,3,3,1,3,0,44
M,17,Rural,Elementary,Middle,15-30 min,2-5 hours,0,yes,yes,yes,yes,no,4,4,4,4,5,12,39
M,16,Urban,High,High,<15 min,<2 hours,0,no,yes,yes,yes,no,4,3,2,3,5,8,49
M,16,Rural,Middle,High,15-30 min,<2 hours,0,no,no,yes,yes,no,5,3,3,1,3,0,69
F,17,Rural,Middle,University,<15 min,2-5 hours,0,no,yes,yes,yes,yes,4,3,2,1,5,0,73
M,17,Rural,University,University,<15 min,<2 hours,0,no,no,yes,yes,no,5,2,3,1,5,4,79
M,16,Urban,High,High,30 min-1 hour,<2 hours,0,yes,yes,yes,yes,no,3,3,4,3,3,8,49
F,17,Rural,University,University,15-30 min,<2 hours,1,no,no,yes,yes,no,4,2,4,2,2,24,90
F,16,Rural,University,University,<15 min,2-5 hours,0,yes,no,yes,yes,no,4,5,2,1,3,0,49
F,16,Rural,University,High,<15 min,2-5 hours,0,no,yes,yes,yes,no,4,3,5,1,2,2,78
F,16,Rural,Middle,High,<15 min,2-5 hours,0,yes,yes,yes,no,no,4,4,3,1,4,6,50
F,17,Rural,Elementary,Elementary,<15 min,2-5 hours,0,yes,no,yes,no,no,4,4,4,1,1,4,50
F,17,Urban,,,<15 min,<2 hours,0,no,no,yes,yes,no,5,3,2,1,3,18,26
F,16,Urban,Middle,Middle,15-30 min,>10 hours,0,yes,yes,yes,yes,no,5,3,5,1,5,6,54
F,17,Rural,High,University,<15 min,5-10 hours,1,yes,no,yes,yes,yes,4,4,3,3,5,28,44
F,16,Rural,High,Elementary,<15 min,2-5 hours,3,yes,no,yes,yes,no,2,3,3,2,4,5,31
F,16,Rural,University,High,<15 min,2-5 hours,0,yes,yes,yes,yes,yes,1,3,2,1,1,10,64
F,16,Rural,Elementary,Elementary,15-30 min,<2 hours,0,yes,no,yes,no,no,4,3,2,1,5,6,47
F,17,Urban,University,High,15-30 min,5-10 hours,0,yes,yes,yes,yes,yes,4,4,2,1,4,6,31
F,19,Rural,High,High,<15 min,>10 hours,0,yes,yes,yes,yes,no,4,3,3,1,3,10,38
M,17,Rural,University,University,<15 min,2-5 hours,0,yes,no,yes,yes,yes,5,3,5,4,3,13,63
F,16,Rural,Middle,Middle,<15 min,2-5 hours,0,yes,no,yes,yes,no,3,3,4,1,4,0,68
M,18,Rural,Middle,Middle,<15 min,2-5 hours,1,yes,yes,yes,yes,no,4,4,4,2,5,15,36
F,17,Urban,University,University,<15 min,<2 hours,0,yes,no,yes,no,no,5,2,1,1,3,12,48
F,17,Rural,High,Middle,15-30 min,2-5 hours,0,yes,no,yes,yes,no,4,4,4,1,1,2,72
F,17,Rural,University,High,<15 min,2-5 hours,2,yes,no,yes,yes,yes,3,4,5,2,1,22,20
M,18,Rural,High,High,<15 min,2-5 hours,1,yes,no,yes,yes,no,3,2,4,2,4,13,36
F,17,Rural,Middle,High,15-30 min,<2 hours,0,yes,no,yes,no,no,3,3,3,1,3,3,40
F,17,Rural,Middle,Middle,<15 min,5-10 hours,0,yes,yes,yes,yes,no,4,3,3,1,4,4,50
F,17,Urban,Middle,Elementary,15-30 min,2-5 hours,0,no,yes,yes,yes,no,4,2,5,1,5,2,27
F,17,Rural,Elementary,Elementary,<15 min,5-10 hours,1,no,yes,yes,no,yes,4,3,4,1,5,0,0
F,16,Rural,Middle,High,<15 min,2-5 hours,0,no,no,yes,yes,no,2,3,1,1,3,2,82
M,18,Rural,Middle,Middle,15-30 min,2-5 hours,0,yes,no,yes,yes,no,3,3,3,5,4,0,65
F,16,Rural,University,University,<15 min,5-10 hours,0,no,yes,yes,yes,no,5,3,2,1,5,0,67
F,18,Urban,High,Elementary,<15 min,2-5 hours,1,no,yes,yes,yes,yes,5,3,3,1,4,16,33
F,17,Rural,High,Middle,<15 min,2-5 hours,0,no,yes,yes,yes,no,5,3,4,1,3,10,72
M,17,Rural,Middle,High,<15 min,2-5 hours,0,yes,no,yes,yes,no,5,3,3,1,3,2,56
M,18,Rural,Middle,Elementary,>1 hour,2-5 hours,0,yes,yes,yes,yes,yes,4,3,2,4,3,14,41
F,17,Rural,Middle,Elementary,15-30 min,5-10 hours,0,no,yes,yes,yes,yes,3,2,3,1,3,10,58
F,17,Rural,University,High,<15 min,2-5 hours,0,no,yes,yes,yes,yes,3,2,3,1,3,14,70
M,17,Urban,Middle,Middle,15-30 min,2-5 hours,0,yes,yes,yes,yes,no,4,5,2,1,1,4,52
M,17,Rural,University,University,<15 min,2-5 hours,0,no,yes,yes,yes,yes,4,5,5,1,2,14,41
M,16,Rural,University,University,<15 min,2-5 hours,0,yes,yes,yes,yes,no,4,2,4,2,1,2,61
M,16,Rural,Elementary,Elementary,15-30 min,2-5 hours,0,yes,no,yes,yes,no,3,4,2,1,5,18,29
M,16,Rural,,,15-30 min,5-10 hours,0,no,yes,yes,yes,yes,5,3,3,1,2,10,47
M,17,Rural,Middle,Middle,<15 min,2-5 hours,0,yes,yes,yes,yes,yes,4,4,2,5,4,4,61
F,16,Rural,,,<15 min,<2 hours,0,no,no,yes,yes,yes,4,5,2,1,5,20,60
F,17,Urban,Middle,Elementary,30 min-1 hour,2-5 hours,0,no,yes,yes,no,no,2,1,1,1,3,2,54
M,18,Rural,Middle,Middle,<15 min,2-5 hours,1,no,no,no,yes,no,5,5,4,3,2,0,0
M,17,Rural,University,High,15-30 min,2-5 hours,0,no,yes,yes,yes,yes,2,5,5,1,5,14,59
M,17,Urban,University,University,15-30 min,2-5 hours,0,yes,no,yes,yes,no,3,3,3,2,4,2,60
M,16,Rural,University,High,<15 min,<2 hours,0,no,yes,yes,yes,no,5,4,5,1,3,0,0
M,16,Rural,University,University,<15 min,<2 hours,0,no,yes,yes,yes,no,5,3,2,1,5,0,59
F,18,Rural,Middle,Elementary,15-30 min,5-10 hours,0,yes,no,yes,yes,yes,4,4,4,1,3,0,0
M,16,Rural,Middle,Elementary,30 min-1 hour,<2 hours,0,no,no,yes,yes,no,4,3,3,1,4,6,86
M,17,Rural,Middle,High,15-30 min,<2 hours,0,no,no,yes,yes,no,5,2,2,1,2,4,61
M,22,Rural,High,Elementary,<15 min,<2 hours,3,no,no,no,yes,yes,5,4,5,5,1,16,40
M,18,Urban,High,High,<15 min,2-5 hours,1,no,no,yes,yes,yes,4,3,3,1,5,8,22
M,16,Rural,,Middle,<15 min,<2 hours,0,yes,no,yes,yes,no,4,3,2,2,5,0,75
M,18,Rural,High,Middle,15-30 min,<2 hours,1,no,no,no,yes,no,4,4,5,2,5,0,37
M,16,Rural,High,High,30 min-1 hour,2-5 hours,0,no,no,yes,yes,no,5,3,3,1,2,6,48
M,18,Rural,,,<15 min,<2 hours,1,no,no,no,yes,no,3,2,5,2,5,4,38
M,16,Urban,Middle,Elementary,15-30 min,<2 hours,0,no,yes,yes,no,no,3,3,2,1,3,0,40
M,17,Urban,,,<15 min,<2 hours,0,no,no,yes,yes,no,4,4,2,2,5,0,59
M,17,Rural,,,15-30 min,<2 hours,1,no,yes,yes,yes,no,4,4,4,1,5,2,40
F,17,Rural,University,Middle,<15 min,>10 hours,0,yes,yes,yes,yes,no,4,2,3,1,4,6,65
M,19,Rural,University,High,<15 min,2-5 hours,0,no,no,yes,yes,no,4,3,1,1,1,12,51
M,18,Rural,Middle,Elementary,<15 min,2-5 hours,0,no,yes,yes,yes,no,5,2,4,1,4,8,69
F,17,Rural,Middle,Middle,<15 min,>10 hours,0,yes,yes,yes,yes,yes,3,4,1,1,2,0,0
F,18,Rural,University,High,<15 min,2-5 hours,0,yes,no,yes,yes,yes,3,1,2,1,2,21,90
M,18,Rural,University,High,<15 min,2-5 hours,0,yes,no,yes,yes,no,4,3,2,1,3,2,39
M,18,Urban,High,Middle,<15 min,5-10 hours,0,no,yes,yes,no,no,5,3,2,1,3,1,60
F,17,Rural,High,High,<15 min,5-10 hours,0,no,yes,yes,no,no,3,2,3,1,4,4,43
F,18,Rural,Middle,Middle,<15 min,5-10 hours,0,yes,yes,yes,yes,yes,4,3,3,1,3,0,0
M,18,Urban,High,University,15-30 min,2-5 hours,0,yes,yes,yes,yes,no,4,2,5,3,1,13,81
M,17,Rural,High,Elementary,<15 min,2-5 hours,0,yes,yes,yes,yes,yes,5,4,4,3,5,2,48
F,18,Urban,University,University,15-30 min,2-5 hours,0,yes,yes,yes,yes,no,4,3,4,2,4,8,52
M,18,Rural,University,Middle,<15 min,2-5 hours,0,yes,yes,yes,yes,yes,5,4,5,1,5,10,49
F,18,Urban,Middle,Elementary,15-30 min,2-5 hours,0,no,no,no,yes,yes,4,3,5,1,3,0,0
F,19,Rural,High,High,<15 min,2-5 hours,2,yes,yes,yes,yes,no,4,3,5,3,5,15,41
F,18,Rural,Middle,High,<15 min,>10 hours,0,yes,yes,yes,yes,yes,4,5,5,1,2,4,67
F,18,Rural,Elementary,Elementary,15-30 min,2-5 hours,0,yes,no,yes,no,no,4,4,3,1,3,2,55
M,17,Urban,Elementary,Middle,<15 min,2-5 hours,0,yes,yes,yes,no,yes,3,5,2,2,1,2,67
F,17,Rural,Middle,University,15-30 min,2-5 hours,0,yes,no,yes,yes,yes,4,3,3,1,1,2,49
F,17,Rural,Middle,Middle,15-30 min,2-5 hours,0,yes,no,yes,yes,yes,4,4,4,2,5,6,59
F,18,Urban,,,15-30 min,2-5 hours,0,no,no,no,yes,yes,4,1,1,1,5,75,42
M,18,Rural,University,University,15-30 min,<2 hours,0,yes,yes,yes,yes,no,3,2,4,1,3,22,43
F,18,Rural,University,University,<15 min,2-5 hours,1,no,yes,yes,yes,yes,2,4,4,1,4,15,36
M,17,Rural,Middle,Elementary,15-30 min,<2 hours,3,no,yes,no,yes,no,4,5,1,1,3,2,46
M,18,Rural,University,High,15-30 min,<2 hours,0,yes,yes,yes,yes,no,4,2,3,1,1,8,48
M,17,Rural,University,Elementary,15-30 min,<2 hours,0,yes,yes,yes,yes,yes,4,5,4,2,5,30,40
M,17,Rural,,,<15 min,<2 hours,1,no,no,yes,yes,no,4,4,4,3,3,19,46
F,18,Urban,Elementary,Elementary,15-30 min,>10 hours,0,yes,yes,yes,no,no,5,2,2,1,3,1,58
F,18,Rural,Elementary,Elementary,15-30 min,2-5 hours,0,no,yes,yes,yes,no,5,4,4,1,4,4,50
F,17,Rural,Middle,Middle,<15 min,2-5 hours,0,no,no,yes,yes,no,5,4,5,1,5,4,54
M,17,Rural,Elementary,Elementary,<15 min,2-5 hours,0,yes,no,yes,yes,no,4,3,3,1,4,2,55
F,18,Rural,Middle,Middle,<15 min,5-10 hours,0,yes,no,yes,yes,no,4,3,3,1,2,5,94
F,17,Rural,Elementary,Elementary,<15 min,5-10 hours,0,yes,no,yes,yes,no,4,3,3,1,3,6,56
M,18,Rural,Middle,Elementary,<15 min,5-10 hours,0,yes,yes,yes,yes,no,4,2,4,1,2,6,70
M,18,Rural,University,University,<15 min,2-5 hours,0,yes,yes,yes,yes,no,5,4,3,1,2,9,73
M,18,Rural,University,Middle,<15 min,2-5 hours,0,yes,yes,yes,yes,yes,4,3,2,1,5,11,53
F,17,Rural,University,High,<15 min,5-10 hours,0,yes,no,yes,yes,no,4,2,2,1,3,0,75
F,18,Rural,Middle,Elementary,<15 min,2-5 hours,1,no,no,yes,yes,yes,5,4,3,1,5,12,62
F,17,Urban,High,Elementary,15-30 min,>10 hours,0,yes,no,yes,no,no,3,1,2,1,3,6,88
M,18,Urban,High,Middle,15-30 min,5-10 hours,0,yes,yes,yes,yes,no,5,4,2,1,4,8,67
M,17,Rural,High,High,<15 min,<2 hours,0,yes,no,yes,yes,no,4,4,3,1,5,4,52
F,19,Rural,University,University,15-30 min,2-5 hours,0,yes,yes,yes,yes,no,2,3,4,2,2,0,0
F,18,Rural,University,High,15-30 min,2-5 hours,0,yes,no,yes,yes,yes,4,4,5,1,2,10,36
F,18,Rural,University,High,<15 min,>10 hours,0,yes,no,yes,yes,no,4,3,3,1,3,0,70
M,18,Rural,University,University,<15 min,<2 hours,0,yes,no,yes,yes,yes,1,4,2,2,1,5,80
F,18,Rural,University,University,<15 min,2-5 hours,0,no,no,yes,yes,yes,4,2,4,1,4,14,53
M,17,Rural,University,University,15-30 min,<2 hours,0,yes,no,yes,yes,no,4,1,1,2,5,0,48
F,17,Rural,University,Middle,15-30 min,5-10 hours,0,yes,no,yes,yes,no,4,3,3,1,3,0,69
F,17,Rural,High,Middle,<15 min,>10 hours,0,yes,yes,yes,yes,no,5,2,2,1,5,0,87
M,19,Rural,High,High,<15 min,2-5 hours,1,no,yes,yes,yes,yes,4,4,4,1,3,20,65
F,18,Rural,Middle,University,<15 min,2-5 hours,1,yes,yes,yes,yes,no,4,4,3,1,3,8,56
M,20,Rural,High,Middle,<15 min,<2 hours,0,no,yes,yes,no,no,5,5,3,1,5,0,86
M,19,Rural,University,University,15-30 min,<2 hours,1,yes,no,yes,yes,yes,4,3,4,1,4,38,39
M,19,Urban,High,High,<15 min,2-5 hours,1,no,yes,yes,no,yes,4,5,3,1,5,0,58
F,19,Rural,Elementary,Elementary,<15 min,2-5 hours,1,no,yes,yes,yes,no,4,4,3,1,3,18,50
F,19,Rural,Elementary,Middle,<15 min,2-5 hours,1,no,yes,yes,no,yes,4,2,4,2,3,0,0
F,19,Rural,Middle,Elementary,30 min-1 hour,2-5 hours,0,no,no,no,yes,yes,3,4,1,1,2,20,64
M,19,Rural,Elementary,Middle,<15 min,2-5 hours,1,no,no,yes,yes,no,4,5,2,2,4,3,52
F,19,Rural,High,Middle,15-30 min,2-5 hours,1,yes,no,yes,yes,yes,4,2,2,1,1,22,52
F,19,Rural,Elementary,Elementary,<15 min,5-10 hours,2,no,no,yes,yes,yes,4,1,2,1,3,14,63
F,19,Urban,Middle,High,<15 min,5-10 hours,1,no,no,yes,yes,yes,4,1,2,1,3,40,55
F,18,Rural,Middle,Elementary,15-30 min,2-5 hours,0,yes,yes,yes,yes,no,5,3,3,1,1,0,0
F,18,Rural,University,High,<15 min,5-10 hours,0,yes,yes,yes,yes,yes,4,3,4,1,5,9,44
F,17,Urban,High,University,<15 min,5-10 hours,0,yes,yes,yes,yes,no,4,3,4,2,5,0,46
F,18,Rural,University,University,<15 min,2-5 hours,0,yes,no,yes,yes,no,4,4,4,3,5,2,55
F,17,Rural,University,High,<15 min,2-5 hours,0,yes,no,yes,yes,yes,5,2,2,1,5,23,63
F,17,Rural,Middle,Middle,<15 min,2-5 hours,0,no,no,yes,no,yes,4,2,2,1,3,12,44
F,17,Urban,Middle,Middle,<15 min,5-10 hours,0,yes,yes,yes,yes,no,3,3,2,2,3,3,52
F,17,Rural,High,Elementary,<15 min,5-10 hours,0,no,no,yes,yes,no,3,4,3,2,5,1,72
F,17,Rural,,Middle,15-30 min,5-10 hours,0,no,no,yes,yes,no,3,3,3,2,2,0,75
M,18,Rural,University,University,<15 min,5-10 hours,0,no,yes,yes,yes,no,4,3,3,2,3,3,55
M,17,Rural,High,High,<15 min,<2 hours,0,no,yes,yes,yes,no,4,3,5,3,5,3,76
M,17,Urban,Middle,Middle,>1 hour,<2 hours,0,no,no,yes,yes,no,4,4,5,5,4,8,48
F,17,Rural,University,University,<15 min,5-10 hours,0,yes,yes,yes,yes,no,5,4,4,1,4,7,42
F,17,Rural,University,University,15-30 min,5-10 hours,0,yes,no,yes,yes,yes,4,3,3,1,4,4,69
M,18,Rural,Middle,Middle,<15 min,>10 hours,0,no,yes,yes,yes,no,4,5,5,2,5,2,36
F,17,Urban,Middle,University,<15 min,5-10 hours,0,no,no,yes,yes,yes,4,4,3,1,5,7,67
F,18,Rural,High,High,<15 min,2-5 hours,0,no,yes,yes,yes,no,5,3,4,1,4,0,0
F,18,Rural,Middle,Middle,<15 min,2-5 hours,0,no,yes,yes,yes,yes,4,3,3,1,2,0,0
F,18,Urban,Middle,Middle,15-30 min,>10 hours,0,no,yes,yes,no,no,4,4,4,1,4,0,0
F,17,Rural,,,<15 min,5-10 hours,0,no,no,yes,yes,no,4,4,5,1,5,16,75
F,19,Urban,High,Elementary,<15 min,5-10 hours,1,yes,no,yes,no,no,5,4,3,1,5,12,64
F,17,Rural,High,Middle,<15 min,2-5 hours,0,yes,no,yes,yes,yes,4,3,2,2,2,0,0
F,18,Rural,High,High,<15 min,>10 hours,0,no,no,yes,yes,no,5,3,3,1,1,7,83
F,17,Urban,High,Middle,<15 min,2-5 hours,0,yes,no,yes,yes,no,4,3,3,2,2,4,48
F,19,Rural,Middle,Elementary,<15 min,5-10 hours,1,yes,yes,yes,yes,yes,4,3,4,1,3,4,51
M,18,Rural,University,University,<15 min,2-5 hours,1,no,yes,yes,yes,no,4,3,3,2,2,0,0
M,18,Rural,High,University,<15 min,2-5 hours,0,no,yes,yes,yes,yes,4,3,3,1,5,11,71
F,17,Rural,Middle,Middle,<15 min,2-5 hours,1,no,no,yes,yes,yes,3,3,1,1,4,0,0
F,18,Rural,Middle,High,<15 min,5-10 hours,0,no,no,yes,yes,no,4,3,3,1,3,4,47
F,18,Rural,High,Middle,<15 min,5-10 hours,0,no,no,yes,yes,yes,5,4,3,2,1,7,66
M,18,Urban,University,High,<15 min,5-10 hours,0,no,no,yes,yes,yes,5,3,2,1,4,9,78
M,18,Rural,University,High,<15 min,5-10 hours,0,yes,no,yes,yes,yes,5,4,5,2,5,0,44
F,17,Rural,University,High,<15 min,5-10 hours,0,yes,yes,yes,yes,yes,4,4,3,1,4,0,71
M,18,Urban,High,Middle,15-30 min,<2 hours,1,no,no,yes,yes,no,2,5,5,5,5,10,65
M,19,Urban,Elementary,Elementary,30 min-1 hour,2-5 hours,3,no,no,yes,yes,no,5,4,4,3,2,8,39
M,17,Rural,High,High,15-30 min,2-5 hours,0,yes,no,yes,yes,no,4,5,4,2,3,2,64
M,18,Rural,Elementary,High,<15 min,<2 hours,1,no,no,no,yes,yes,4,3,3,2,3,7,39
M,19,Urban,Elementary,Elementary,30 min-1 hour,<2 hours,1,no,no,yes,yes,no,4,4,4,3,5,4,36
M,17,Urban,University,High,15-30 min,2-5 hours,0,yes,yes,yes,yes,yes,4,5,5,1,2,4,54
F,18,Rural,High,High,<15 min,2-5 hours,0,no,no,yes,no,yes,5,3,4,1,5,0,42
F,17,Urban,University,University,15-30 min,2-5 hours,0,yes,yes,yes,yes,no,4,3,3,1,5,4,63
F,17,Rural,,,15-30 min,2-5 hours,0,no,no,yes,no,yes,1,2,3,1,5,2,51
M,18,Rural,Elementary,Elementary,15-30 min,<2 hours,0,no,no,yes,yes,yes,3,3,2,1,3,4,47
F,18,Rural,Elementary,Elementary,15-30 min,5-10 hours,0,no,no,yes,yes,no,5,3,2,1,4,0,80
F,18,Urban,Elementary,University,30 min-1 hour,2-5 hours,0,no,no,yes,no,yes,4,3,4,1,5,0,63
M,18,Urban,Elementary,Elementary,15-30 min,2-5 hours,1,no,yes,no,no,no,4,4,3,2,5,2,59
F,18,Rural,High,High,15-30 min,2-5 hours,0,no,no,yes,yes,yes,4,3,2,1,3,0,50
F,17,Rural,University,University,<15 min,2-5 hours,0,yes,yes,yes,yes,yes,2,3,4,1,1,0,75
F,17,Urban,Elementary,Middle,15-30 min,2-5 hours,0,no,no,yes,no,no,3,2,2,1,3,0,58
M,18,Urban,Elementary,High,15-30 min,2-5 hours,0,yes,no,yes,no,no,3,3,4,2,3,4,47
M,18,Rural,University,University,15-30 min,5-10 hours,0,yes,no,yes,yes,yes,4,2,2,2,5,0,63
F,17,Urban,Elementary,Elementary,30 min-1 hour,<2 hours,1,yes,no,yes,yes,yes,5,2,1,1,1,0,0
F,18,Rural,Middle,High,15-30 min,<2 hours,0,yes,no,yes,yes,yes,5,2,3,1,4,0,49
F,18,Urban,University,University,30 min-1 hour,2-5 hours,0,yes,no,yes,yes,yes,3,2,2,4,5,10,54
F,19,Rural,High,Middle,15-30 min,2-5 hours,2,no,yes,yes,no,yes,3,2,2,1,3,4,43
M,18,Urban,Elementary,Middle,30 min-1 hour,<2 hours,0,yes,yes,no,yes,yes,4,3,3,2,3,3,56
F,17,Rural,Middle,Middle,<15 min,5-10 hours,0,no,yes,yes,no,yes,3,4,3,1,3,8,51
F,17,Urban,Elementary,Middle,<15 min,<2 hours,0,no,yes,yes,yes,no,3,5,5,1,1,14,21
F,18,Urban,University,University,15-30 min,5-10 hours,0,no,no,yes,yes,no,5,4,4,1,1,0,91
F,18,Urban,Elementary,Elementary,>1 hour,5-10 hours,0,no,no,yes,yes,no,4,3,2,1,4,2,48
F,20,Rural,University,Middle,15-30 min,5-10 hours,2,yes,no,yes,yes,yes,5,4,3,1,3,4,75
F,18,Urban,University,University,<15 min,2-5 hours,0,yes,yes,yes,yes,no,5,4,3,3,2,4,46
F,18,Rural,High,High,<15 min,2-5 hours,0,yes,no,yes,yes,yes,4,1,3,1,1,0,75
F,17,Urban,High,Elementary,<15 min,2-5 hours,0,yes,yes,yes,yes,no,4,5,4,2,1,17,47
M,18,Rural,University,University,<15 min,2-5 hours,0,yes,yes,yes,yes,no,3,2,4,1,2,4,68
M,18,Urban,Middle,Elementary,15-30 min,<2 hours,0,no,yes,yes,yes,yes,4,4,3,1,5,5,32
M,17,Rural,Middle,High,15-30 min,2-5 hours,0,no,yes,yes,yes,no,4,4,3,1,3,2,48
M,19,Urban,Elementary,Elementary,15-30 min,<2 hours,1,no,no,yes,no,no,4,3,2,1,5,0,0
M,18,Urban,University,Middle,15-30 min,<2 hours,1,yes,no,yes,no,no,5,4,3,4,3,14,22
F,18,Urban,Middle,Middle,15-30 min,5-10 hours,0,yes,no,yes,no,no,5,3,3,1,4,2,49
F,18,Urban,University,University,30 min-1 hour,<2 hours,0,yes,yes,yes,yes,yes,4,4,3,2,5,7,27
F,19,Urban,Middle,High,<15 min,5-10 hours,1,no,yes,yes,yes,no,5,4,2,1,5,0,0
F,18,Rural,High,Elementary,<15 min,2-5 hours,0,yes,no,yes,yes,no,4,3,4,1,1,0,38
F,18,Rural,Elementary,Elementary,15-30 min,2-5 hours,1,no,yes,yes,no,no,1,1,1,1,5,0,0
M,20,Rural,,,<15 min,2-5 hours,2,yes,no,yes,no,no,5,5,4,4,4,11,42
M,17,Rural,High,Elementary,15-30 min,<2 hours,0,no,no,yes,yes,no,2,4,5,3,2,3,76
M,21,Urban,Elementary,Elementary,<15 min,<2 hours,3,no,no,yes,no,no,5,5,3,3,3,3,33
M,18,Urban,,,30 min-1 hour,<2 hours,0,no,no,yes,yes,no,4,4,1,3,5,0,47
M,19,Rural,Elementary,Elementary,<15 min,<2 hours,0,no,no,yes,yes,no,3,2,3,3,5,5,43
